state_fips,period,wage_status_25,rr_25,wage_status_33,rr_33
1,0,H,0.387994134473353,H,0.387994134473353
1,0,H,0.387994134473353,L,0.499999994
1,0,H,0.387994134473353,M,0.399079681172592
1,1,H,1.23452679150612,H,1.23452679150612
1,1,H,1.23452679150612,L,1.71900702012719
1,1,H,1.23452679150612,M,1.26979898554916
1,2,H,0.387994134473353,H,0.387994134473353
1,2,H,0.387994134473353,L,0.499999994
1,2,H,0.387994134473353,M,0.399079681172592
1,3,H,0.811260462989738,H,0.811260462989738
1,3,H,0.811260462989738,L,1.10950350706359
1,3,H,0.811260462989738,M,0.834439333360874
1,0,L,0.499999994,H,0.387994134473353
1,0,L,0.499999994,L,0.499999994
1,0,L,0.499999994,M,0.399079681172592
1,1,L,1.71900702012719,H,1.23452679150612
1,1,L,1.71900702012719,L,1.71900702012719
1,1,L,1.71900702012719,M,1.26979898554916
1,2,L,0.499999994,H,0.387994134473353
1,2,L,0.499999994,L,0.499999994
1,2,L,0.499999994,M,0.399079681172592
1,3,L,1.10950350706359,H,0.811260462989738
1,3,L,1.10950350706359,L,1.10950350706359
1,3,L,1.10950350706359,M,0.834439333360874
1,0,M,0.423266328516385,H,0.387994134473353
1,0,M,0.423266328516385,L,0.499999994
1,0,M,0.423266328516385,M,0.399079681172592
1,1,M,1.34675649982486,H,1.23452679150612
1,1,M,1.34675649982486,L,1.71900702012719
1,1,M,1.34675649982486,M,1.26979898554916
1,2,M,0.423266328516385,H,0.387994134473353
1,2,M,0.423266328516385,L,0.499999994
1,2,M,0.423266328516385,M,0.399079681172592
1,3,M,0.8850114141706229,H,0.811260462989738
1,3,M,0.8850114141706229,L,1.10950350706359
1,3,M,0.8850114141706229,M,0.834439333360874
2,0,H,0.4176227774695,H,0.351600093285828
2,0,H,0.4176227774695,L,0.473140954349712
2,0,H,0.4176227774695,M,0.46679195942196605
2,1,H,1.09484890309572,H,1.0546533915327
2,1,H,1.09484890309572,L,1.56970307829895
2,1,H,1.09484890309572,M,1.33896246263916
2,2,H,0.4176227774695,H,0.351600093285828
2,2,H,0.4176227774695,L,0.473140954349712
2,2,H,0.4176227774695,M,0.46679195942196605
2,3,H,0.756235840282608,H,0.708971100264945
2,3,H,0.756235840282608,L,1.00548123204582
2,3,H,0.756235840282608,M,0.903602810450876
2,0,L,0.476556732544818,H,0.351600093285828
2,0,L,0.476556732544818,L,0.473140954349712
2,0,L,0.476556732544818,M,0.46679195942196605
2,1,L,1.6942181968097203,H,1.0546533915327
2,1,L,1.6942181968097203,L,1.56970307829895
2,1,L,1.6942181968097203,M,1.33896246263916
2,2,L,0.476556732544818,H,0.351600093285828
2,2,L,0.476556732544818,L,0.473140954349712
2,2,L,0.476556732544818,M,0.46679195942196605
2,3,L,1.04807771725114,H,0.708971100264945
2,3,L,1.04807771725114,L,1.00548123204582
2,3,L,1.04807771725114,M,0.903602810450876
2,0,M,0.4183658540762915,H,0.351600093285828
2,0,M,0.4183658540762915,L,0.473140954349712
2,0,M,0.4183658540762915,M,0.46679195942196605
2,1,M,1.28111058577112,H,1.0546533915327
2,1,M,1.28111058577112,L,1.56970307829895
2,1,M,1.28111058577112,M,1.33896246263916
2,2,M,0.4183658540762915,H,0.351600093285828
2,2,M,0.4183658540762915,L,0.473140954349712
2,2,M,0.4183658540762915,M,0.46679195942196605
2,3,M,0.8426524591445159,H,0.708971100264945
2,3,M,0.8426524591445159,L,1.00548123204582
2,3,M,0.8426524591445159,M,0.903602810450876
4,0,H,0.24568872189432,H,0.265001527418954
4,0,H,0.24568872189432,L,0.40633567537573
4,0,H,0.24568872189432,M,0.348287721750626
4,1,H,0.85991052663012,H,0.92750534596634
4,1,H,0.85991052663012,L,1.4221748638150502
4,1,H,0.85991052663012,M,1.21900702612719
4,2,H,0.24568872189432,H,0.265001527418954
4,2,H,0.24568872189432,L,0.40633567537573
4,2,H,0.24568872189432,M,0.348287721750626
4,3,H,0.55279962426222,H,0.596253436692647
4,3,H,0.55279962426222,L,0.914255269595392
4,3,H,0.55279962426222,M,0.783647373938907
4,0,L,0.39852152777235,H,0.265001527418954
4,0,L,0.39852152777235,L,0.40633567537573
4,0,L,0.39852152777235,M,0.348287721750626
4,1,L,1.39482534720323,H,0.92750534596634
4,1,L,1.39482534720323,L,1.4221748638150502
4,1,L,1.39482534720323,M,1.21900702612719
4,2,L,0.39852152777235,H,0.265001527418954
4,2,L,0.39852152777235,L,0.40633567537573
4,2,L,0.39852152777235,M,0.348287721750626
4,3,L,0.896673437487788,H,0.596253436692647
4,3,L,0.896673437487788,L,0.914255269595392
4,3,L,0.896673437487788,M,0.783647373938907
4,0,M,0.338613062813108,H,0.265001527418954
4,0,M,0.338613062813108,L,0.40633567537573
4,0,M,0.338613062813108,M,0.348287721750626
4,1,M,1.18514571984588,H,0.92750534596634
4,1,M,1.18514571984588,L,1.4221748638150502
4,1,M,1.18514571984588,M,1.21900702612719
4,2,M,0.338613062813108,H,0.265001527418954
4,2,M,0.338613062813108,L,0.40633567537573
4,2,M,0.338613062813108,M,0.348287721750626
4,3,M,0.761879391329493,H,0.596253436692647
4,3,M,0.761879391329493,L,0.914255269595392
4,3,M,0.761879391329493,M,0.783647373938907
5,0,H,0.50000002,H,0.50000002
5,0,H,0.50000002,L,0.50000002
5,0,H,0.50000002,M,0.50000002
5,1,H,1.39632871568176,H,1.3657720556017
5,1,H,1.39632871568176,L,1.71900704612719
5,1,H,1.39632871568176,M,1.38874821635986
5,2,H,0.50000002,H,0.50000002
5,2,H,0.50000002,L,0.50000002
5,2,H,0.50000002,M,0.50000002
5,3,H,0.948164367840878,H,0.923266348516385
5,3,H,0.948164367840878,L,1.10950353306359
5,3,H,0.948164367840878,M,0.944374118179932
5,0,L,0.50000002,H,0.50000002
5,0,L,0.50000002,L,0.50000002
5,0,L,0.50000002,M,0.50000002
5,1,L,1.72096058302803,H,1.3657720556017
5,1,L,1.72096058302803,L,1.71900704612719
5,1,L,1.72096058302803,M,1.38874821635986
5,2,L,0.50000002,H,0.50000002
5,2,L,0.50000002,L,0.50000002
5,2,L,0.50000002,M,0.50000002
5,3,L,1.10950353306359,H,0.923266348516385
5,3,L,1.10950353306359,L,1.10950353306359
5,3,L,1.10950353306359,M,0.944374118179932
5,0,M,0.50000002,H,0.50000002
5,0,M,0.50000002,L,0.50000002
5,0,M,0.50000002,M,0.50000002
5,1,M,1.38874821635986,H,1.3657720556017
5,1,M,1.38874821635986,L,1.71900704612719
5,1,M,1.38874821635986,M,1.38874821635986
5,2,M,0.50000002,H,0.50000002
5,2,M,0.50000002,L,0.50000002
5,2,M,0.50000002,M,0.50000002
5,3,M,0.935372111390893,H,0.923266348516385
5,3,M,0.935372111390893,L,1.10950353306359
5,3,M,0.935372111390893,M,0.944374118179932
6,0,H,0.439545802690092,H,0.499999994
6,0,H,0.439545802690092,L,0.499999994
6,0,H,0.439545802690092,M,0.499999994
6,1,H,1.02560687294355,H,1.17722611962622
6,1,H,1.02560687294355,L,1.5883991244707
6,1,H,1.02560687294355,M,1.37071929837656
6,2,H,0.439545802690092,H,0.499999994
6,2,H,0.439545802690092,L,0.499999994
6,2,H,0.439545802690092,M,0.499999994
6,3,H,0.732576337816821,H,0.838613056813108
6,3,H,0.732576337816821,L,1.04419955923535
6,3,H,0.732576337816821,M,0.935359646188282
6,0,L,0.49999999399999995,H,0.499999994
6,0,L,0.49999999399999995,L,0.499999994
6,0,L,0.49999999399999995,M,0.499999994
6,1,L,1.67212213450691,H,1.17722611962622
6,1,L,1.67212213450691,L,1.5883991244707
6,1,L,1.67212213450691,M,1.37071929837656
6,2,L,0.49999999399999995,H,0.499999994
6,2,L,0.49999999399999995,L,0.499999994
6,2,L,0.49999999399999995,M,0.499999994
6,3,L,1.08606106425346,H,0.838613056813108
6,3,L,1.08606106425346,L,1.04419955923535
6,3,L,1.08606106425346,M,0.935359646188282
6,0,M,0.49999999400000006,H,0.499999994
6,0,M,0.49999999400000006,L,0.499999994
6,0,M,0.49999999400000006,M,0.499999994
6,1,M,1.37071929837656,H,1.17722611962622
6,1,M,1.37071929837656,L,1.5883991244707
6,1,M,1.37071929837656,M,1.37071929837656
6,2,M,0.49999999400000006,H,0.499999994
6,2,M,0.49999999400000006,L,0.499999994
6,2,M,0.49999999400000006,M,0.499999994
6,3,M,0.935359646188282,H,0.838613056813108
6,3,M,0.935359646188282,L,1.04419955923535
6,3,M,0.935359646188282,M,0.935359646188282
8,0,H,0.50000002,H,0.599999998
8,0,H,0.50000002,L,0.599999998
8,0,H,0.50000002,M,0.599999998
8,1,H,1.07217208888914,H,1.30057874864781
8,1,H,1.07217208888914,L,1.6883991284707
8,1,H,1.07217208888914,M,1.47071930237656
8,2,H,0.50000002,H,0.599999998
8,2,H,0.50000002,L,0.599999998
8,2,H,0.50000002,M,0.599999998
8,3,H,0.795125037496599,H,0.9494859573254559
8,3,H,0.795125037496599,L,1.11205012995073
8,3,H,0.795125037496599,M,1.03535965018828
8,0,L,0.599999998,H,0.599999998
8,0,L,0.599999998,L,0.599999998
8,0,L,0.599999998,M,0.599999998
8,1,L,1.81900702412719,H,1.30057874864781
8,1,L,1.81900702412719,L,1.6883991284707
8,1,L,1.81900702412719,M,1.47071930237656
8,2,L,0.599999998,H,0.599999998
8,2,L,0.599999998,L,0.599999998
8,2,L,0.599999998,M,0.599999998
8,3,L,1.20950351106359,H,0.9494859573254559
8,3,L,1.20950351106359,L,1.11205012995073
8,3,L,1.20950351106359,M,1.03535965018828
8,0,M,0.599999998,H,0.599999998
8,0,M,0.599999998,L,0.599999998
8,0,M,0.599999998,M,0.599999998
8,1,M,1.47071930237656,H,1.30057874864781
8,1,M,1.47071930237656,L,1.6883991284707
8,1,M,1.47071930237656,M,1.47071930237656
8,2,M,0.599999998,H,0.599999998
8,2,M,0.599999998,L,0.599999998
8,2,M,0.599999998,M,0.599999998
8,3,M,1.02840721309756,H,0.9494859573254559
8,3,M,1.02840721309756,L,1.11205012995073
8,3,M,1.02840721309756,M,1.03535965018828
9,0,H,0.499999994,H,0.49999999400000006
9,0,H,0.499999994,L,0.49999999399999995
9,0,H,0.499999994,M,0.499999994
9,1,H,1.02543405698586,H,1.1625038125473903
9,1,H,1.02543405698586,L,1.71900702012719
9,1,H,1.02543405698586,M,1.3707192983765601
9,2,H,0.499999994,H,0.49999999400000006
9,2,H,0.499999994,L,0.49999999399999995
9,2,H,0.499999994,M,0.499999994
9,3,H,0.762717025492929,H,0.831251903273693
9,3,H,0.762717025492929,L,1.10950350706359
9,3,H,0.762717025492929,M,0.935359646188282
9,0,L,0.49999999400000006,H,0.49999999400000006
9,0,L,0.49999999400000006,L,0.49999999399999995
9,0,L,0.49999999400000006,M,0.499999994
9,1,L,1.73924807206898,H,1.1625038125473903
9,1,L,1.73924807206898,L,1.71900702012719
9,1,L,1.73924807206898,M,1.3707192983765601
9,2,L,0.49999999400000006,H,0.49999999400000006
9,2,L,0.49999999400000006,L,0.49999999399999995
9,2,L,0.49999999400000006,M,0.499999994
9,3,L,1.11962403303449,H,0.831251903273693
9,3,L,1.11962403303449,L,1.10950350706359
9,3,L,1.11962403303449,M,0.935359646188282
9,0,M,0.499999994,H,0.49999999400000006
9,0,M,0.499999994,L,0.49999999399999995
9,0,M,0.499999994,M,0.499999994
9,1,M,1.3930454343862202,H,1.1625038125473903
9,1,M,1.3930454343862202,L,1.71900702012719
9,1,M,1.3930454343862202,M,1.3707192983765601
9,2,M,0.499999994,H,0.49999999400000006
9,2,M,0.499999994,L,0.49999999399999995
9,2,M,0.499999994,M,0.499999994
9,3,M,0.938113502527598,H,0.831251903273693
9,3,M,0.938113502527598,L,1.10950350706359
9,3,M,0.938113502527598,M,0.935359646188282
10,0,H,0.436138470886293,H,0.507919594219662
10,0,H,0.436138470886293,L,0.56521738
10,0,H,0.436138470886293,M,0.56521738
10,1,H,1.20933236718967,H,1.30235793389657
10,1,H,1.20933236718967,L,1.78830135270287
10,1,H,1.20933236718967,M,1.43593668437656
10,2,H,0.436138470886293,H,0.507919594219662
10,2,H,0.436138470886293,L,0.56521738
10,2,H,0.436138470886293,M,0.56521738
10,3,H,0.84653265703277,H,0.911650553727599
10,3,H,0.84653265703277,L,1.17472089306359
10,3,H,0.84653265703277,M,1.00057703218828
10,0,L,0.56521738,H,0.507919594219662
10,0,L,0.56521738,L,0.56521738
10,0,L,0.56521738,M,0.56521738
10,1,L,1.7842244061271897,H,1.30235793389657
10,1,L,1.7842244061271897,L,1.78830135270287
10,1,L,1.7842244061271897,M,1.43593668437656
10,2,L,0.56521738,H,0.507919594219662
10,2,L,0.56521738,L,0.56521738
10,2,L,0.56521738,M,0.56521738
10,3,L,1.17472089306359,H,0.911650553727599
10,3,L,1.17472089306359,L,1.17472089306359
10,3,L,1.17472089306359,M,1.00057703218828
10,0,M,0.56521738,H,0.507919594219662
10,0,M,0.56521738,L,0.56521738
10,0,M,0.56521738,M,0.56521738
10,1,M,1.48870755130848,H,1.30235793389657
10,1,M,1.48870755130848,L,1.78830135270287
10,1,M,1.48870755130848,M,1.43593668437656
10,2,M,0.56521738,H,0.507919594219662
10,2,M,0.56521738,L,0.56521738
10,2,M,0.56521738,M,0.56521738
10,3,M,1.02696246565424,H,0.911650553727599
10,3,M,1.02696246565424,L,1.17472089306359
10,3,M,1.02696246565424,M,1.00057703218828
12,0,H,0.358148431821557,H,0.353435952455484
12,0,H,0.358148431821557,L,0.49999999399999995
12,0,H,0.358148431821557,M,0.423266328516385
12,1,H,1.1395631921595,H,1.12456893963108
12,1,H,1.1395631921595,L,1.67212213450691
12,1,H,1.1395631921595,M,1.34675649982486
12,2,H,0.358148431821557,H,0.353435952455484
12,2,H,0.358148431821557,L,0.49999999399999995
12,2,H,0.358148431821557,M,0.423266328516385
12,3,H,0.748855811990528,H,0.739002446043284
12,3,H,0.748855811990528,L,1.08606106425346
12,3,H,0.748855811990528,M,0.8850114141706231
12,0,L,0.49999999400000006,H,0.353435952455484
12,0,L,0.49999999400000006,L,0.49999999399999995
12,0,L,0.49999999400000006,M,0.423266328516385
12,1,L,1.71900702012719,H,1.12456893963108
12,1,L,1.71900702012719,L,1.67212213450691
12,1,L,1.71900702012719,M,1.34675649982486
12,2,L,0.49999999400000006,H,0.353435952455484
12,2,L,0.49999999400000006,L,0.49999999399999995
12,2,L,0.49999999400000006,M,0.423266328516385
12,3,L,1.10950350706359,H,0.739002446043284
12,3,L,1.10950350706359,L,1.08606106425346
12,3,L,1.10950350706359,M,0.8850114141706231
12,0,M,0.423266328516385,H,0.353435952455484
12,0,M,0.423266328516385,L,0.49999999399999995
12,0,M,0.423266328516385,M,0.423266328516385
12,1,M,1.34675649982486,H,1.12456893963108
12,1,M,1.34675649982486,L,1.67212213450691
12,1,M,1.34675649982486,M,1.34675649982486
12,2,M,0.423266328516385,H,0.353435952455484
12,2,M,0.423266328516385,L,0.49999999399999995
12,2,M,0.423266328516385,M,0.423266328516385
12,3,M,0.8850114141706229,H,0.739002446043284
12,3,M,0.8850114141706229,L,1.08606106425346
12,3,M,0.8850114141706229,M,0.8850114141706231
13,0,H,0.463476629725442,H,0.47619048
13,0,H,0.463476629725442,L,0.619047624
13,0,H,0.463476629725442,M,0.545266623206402
13,1,H,1.22535602105494,H,1.28984844321572
13,1,H,1.22535602105494,L,1.83805465012719
13,1,H,1.22535602105494,M,1.44159531888816
13,2,H,0.463476629725442,H,0.47619048
13,2,H,0.463476629725442,L,0.619047624
13,2,H,0.463476629725442,M,0.545266623206402
13,3,H,0.844416325390189,H,0.888859289884409
13,3,H,0.844416325390189,L,1.22855113706359
13,3,H,0.844416325390189,M,0.993430971047281
13,0,L,0.619047624,H,0.47619048
13,0,L,0.619047624,L,0.619047624
13,0,L,0.619047624,M,0.545266623206402
13,1,L,1.88884660954916,H,1.28984844321572
13,1,L,1.88884660954916,L,1.83805465012719
13,1,L,1.88884660954916,M,1.44159531888816
13,2,L,0.619047624,H,0.47619048
13,2,L,0.619047624,L,0.619047624
13,2,L,0.619047624,M,0.545266623206402
13,3,L,1.24559317608018,H,0.888859289884409
13,3,L,1.24559317608018,L,1.22855113706359
13,3,L,1.24559317608018,M,0.993430971047281
13,0,M,0.561789854212657,H,0.47619048
13,0,M,0.561789854212657,L,0.619047624
13,0,M,0.561789854212657,M,0.545266623206402
13,1,M,1.53169502631867,H,1.28984844321572
13,1,M,1.53169502631867,L,1.83805465012719
13,1,M,1.53169502631867,M,1.44159531888816
13,2,M,0.561789854212657,H,0.47619048
13,2,M,0.561789854212657,L,0.619047624
13,2,M,0.561789854212657,M,0.545266623206402
13,3,M,1.05552040673774,H,0.888859289884409
13,3,M,1.05552040673774,L,1.22855113706359
13,3,M,1.05552040673774,M,0.993430971047281
15,0,H,0.56965136028636,H,0.619047624
15,0,H,0.56965136028636,L,0.619047624
15,0,H,0.56965136028636,M,0.619047624
15,1,H,1.09710632351447,H,1.24098998426897
15,1,H,1.09710632351447,L,1.74775783337703
15,1,H,1.09710632351447,M,1.44270102003188
15,2,H,0.56965136028636,H,0.619047624
15,2,H,0.56965136028636,L,0.619047624
15,2,H,0.56965136028636,M,0.619047624
15,3,H,0.833378841900415,H,0.930018804134487
15,3,H,0.833378841900415,L,1.18340272868851
15,3,H,0.833378841900415,M,1.03087432201594
15,0,L,0.619047624,H,0.619047624
15,0,L,0.619047624,L,0.619047624
15,0,L,0.619047624,M,0.619047624
15,1,L,1.79116976450691,H,1.24098998426897
15,1,L,1.79116976450691,L,1.74775783337703
15,1,L,1.79116976450691,M,1.44270102003188
15,2,L,0.619047624,H,0.619047624
15,2,L,0.619047624,L,0.619047624
15,2,L,0.619047624,M,0.619047624
15,3,L,1.20510869425346,H,0.930018804134487
15,3,L,1.20510869425346,L,1.18340272868851
15,3,L,1.20510869425346,M,1.03087432201594
15,0,M,0.619047624,H,0.619047624
15,0,M,0.619047624,L,0.619047624
15,0,M,0.619047624,M,0.619047624
15,1,M,1.38092701532949,H,1.24098998426897
15,1,M,1.38092701532949,L,1.74775783337703
15,1,M,1.38092701532949,M,1.44270102003188
15,2,M,0.619047624,H,0.619047624
15,2,M,0.619047624,L,0.619047624
15,2,M,0.619047624,M,0.619047624
15,3,M,0.999987319664747,H,0.930018804134487
15,3,M,0.999987319664747,L,1.18340272868851
15,3,M,0.999987319664747,M,1.03087432201594
16,0,H,0.49466951784871505,H,0.499999994
16,0,H,0.49466951784871505,L,0.49999999400000006
16,0,H,0.49466951784871505,M,0.499999994
16,1,H,1.1571733363961,H,1.26187938532949
16,1,H,1.1571733363961,L,1.71900702012719
16,1,H,1.1571733363961,M,1.45234923316187
16,2,H,0.49466951784871505,H,0.499999994
16,2,H,0.49466951784871505,L,0.49999999400000006
16,2,H,0.49466951784871505,M,0.499999994
16,3,H,0.8259214271224069,H,0.880939689664747
16,3,H,0.8259214271224069,L,1.10950350706359
16,3,H,0.8259214271224069,M,0.976174613580933
16,0,L,0.499999994,H,0.499999994
16,0,L,0.499999994,L,0.49999999400000006
16,0,L,0.499999994,M,0.499999994
16,1,L,1.7209605570280297,H,1.26187938532949
16,1,L,1.7209605570280297,L,1.71900702012719
16,1,L,1.7209605570280297,M,1.45234923316187
16,2,L,0.499999994,H,0.499999994
16,2,L,0.499999994,L,0.49999999400000006
16,2,L,0.499999994,M,0.499999994
16,3,L,1.11048027551402,H,0.880939689664747
16,3,L,1.11048027551402,L,1.10950350706359
16,3,L,1.11048027551402,M,0.976174613580933
16,0,M,0.499999994,H,0.499999994
16,0,M,0.499999994,L,0.49999999400000006
16,0,M,0.499999994,M,0.499999994
16,1,M,1.46196892244633,H,1.26187938532949
16,1,M,1.46196892244633,L,1.71900702012719
16,1,M,1.46196892244633,M,1.45234923316187
16,2,M,0.499999994,H,0.499999994
16,2,M,0.499999994,L,0.49999999400000006
16,2,M,0.499999994,M,0.499999994
16,3,M,0.980984458223165,H,0.880939689664747
16,3,M,0.980984458223165,L,1.10950350706359
16,3,M,0.980984458223165,M,0.976174613580933
17,0,H,0.469999998,H,0.469999998
17,0,H,0.469999998,L,0.4699999979999999
17,0,H,0.469999998,M,0.469999998
17,1,H,1.15058704732659,H,1.23187938932949
17,1,H,1.15058704732659,L,1.68900702412719
17,1,H,1.15058704732659,M,1.34071930237656
17,2,H,0.469999998,H,0.469999998
17,2,H,0.469999998,L,0.4699999979999999
17,2,H,0.469999998,M,0.469999998
17,3,H,0.810293522663297,H,0.850939693664747
17,3,H,0.810293522663297,L,1.07950351106359
17,3,H,0.810293522663297,M,0.9053596501882821
17,0,L,0.469999998,H,0.469999998
17,0,L,0.469999998,L,0.4699999979999999
17,0,L,0.469999998,M,0.469999998
17,1,L,1.82859611540574,H,1.23187938932949
17,1,L,1.82859611540574,L,1.68900702412719
17,1,L,1.82859611540574,M,1.34071930237656
17,2,L,0.469999998,H,0.469999998
17,2,L,0.469999998,L,0.4699999979999999
17,2,L,0.469999998,M,0.469999998
17,3,L,1.14929805670287,H,0.850939693664747
17,3,L,1.14929805670287,L,1.07950351106359
17,3,L,1.14929805670287,M,0.9053596501882821
17,0,M,0.469999998,H,0.469999998
17,0,M,0.469999998,L,0.4699999979999999
17,0,M,0.469999998,M,0.469999998
17,1,M,1.34071930237656,H,1.23187938932949
17,1,M,1.34071930237656,L,1.68900702412719
17,1,M,1.34071930237656,M,1.34071930237656
17,2,M,0.469999998,H,0.469999998
17,2,M,0.469999998,L,0.4699999979999999
17,2,M,0.469999998,M,0.469999998
17,3,M,0.9053596501882821,H,0.850939693664747
17,3,M,0.9053596501882821,L,1.07950351106359
17,3,M,0.9053596501882821,M,0.9053596501882821
18,0,H,0.47000002400000007,H,0.42146519520355
18,0,H,0.47000002400000007,L,0.47000002400000007
18,0,H,0.47000002400000007,M,0.470000024
18,1,H,1.21329699115073,H,1.21329699115073
18,1,H,1.21329699115073,L,1.59871023337703
18,1,H,1.21329699115073,M,1.42234926316187
18,2,H,0.47000002400000007,H,0.42146519520355
18,2,H,0.47000002400000007,L,0.47000002400000007
18,2,H,0.47000002400000007,M,0.470000024
18,3,H,0.832799734156902,H,0.841648507575363
18,3,H,0.832799734156902,L,1.03435512868851
18,3,H,0.832799734156902,M,0.946174643580933
18,0,L,0.47000002399999996,H,0.42146519520355
18,0,L,0.47000002399999996,L,0.47000002400000007
18,0,L,0.47000002399999996,M,0.470000024
18,1,L,1.64212216450691,H,1.21329699115073
18,1,L,1.64212216450691,L,1.59871023337703
18,1,L,1.64212216450691,M,1.42234926316187
18,2,L,0.47000002399999996,H,0.42146519520355
18,2,L,0.47000002399999996,L,0.47000002400000007
18,2,L,0.47000002399999996,M,0.470000024
18,3,L,1.05606109425346,H,0.841648507575363
18,3,L,1.05606109425346,L,1.03435512868851
18,3,L,1.05606109425346,M,0.946174643580933
18,0,M,0.47000002400000007,H,0.42146519520355
18,0,M,0.47000002400000007,L,0.47000002400000007
18,0,M,0.47000002400000007,M,0.470000024
18,1,M,1.36632871968176,H,1.21329699115073
18,1,M,1.36632871968176,L,1.59871023337703
18,1,M,1.36632871968176,M,1.42234926316187
18,2,M,0.47000002400000007,H,0.42146519520355
18,2,M,0.47000002400000007,L,0.47000002400000007
18,2,M,0.47000002400000007,M,0.470000024
18,3,M,0.910902449537901,H,0.841648507575363
18,3,M,0.910902449537901,L,1.03435512868851
18,3,M,0.910902449537901,M,0.946174643580933
19,0,H,0.565217393,H,0.565217393
19,0,H,0.565217393,L,0.565217393
19,0,H,0.565217393,M,0.565217393
19,1,H,1.38887078903188,H,1.36719569966262
19,1,H,1.38887078903188,L,1.6536165234707
19,1,H,1.38887078903188,M,1.51756663216187
19,2,H,0.565217393,H,0.565217393
19,2,H,0.565217393,L,0.565217393
19,2,H,0.565217393,M,0.565217393
19,3,H,0.977044091015942,H,0.9662065463313121
19,3,H,0.977044091015942,L,1.10941695823535
19,3,H,0.977044091015942,M,1.04139201258093
19,0,L,0.565217393,H,0.565217393
19,0,L,0.565217393,L,0.565217393
19,0,L,0.565217393,M,0.565217393
19,1,L,1.73733953350691,H,1.36719569966262
19,1,L,1.73733953350691,L,1.6536165234707
19,1,L,1.73733953350691,M,1.51756663216187
19,2,L,0.565217393,H,0.565217393
19,2,L,0.565217393,L,0.565217393
19,2,L,0.565217393,M,0.565217393
19,3,L,1.15127846325346,H,0.9662065463313121
19,3,L,1.15127846325346,L,1.10941695823535
19,3,L,1.15127846325346,M,1.04139201258093
19,0,M,0.565217393,H,0.565217393
19,0,M,0.565217393,L,0.565217393
19,0,M,0.565217393,M,0.565217393
19,1,M,1.43593669737656,H,1.36719569966262
19,1,M,1.43593669737656,L,1.6536165234707
19,1,M,1.43593669737656,M,1.51756663216187
19,2,M,0.565217393,H,0.565217393
19,2,M,0.565217393,L,0.565217393
19,2,M,0.565217393,M,0.565217393
19,3,M,1.00057704518828,H,0.9662065463313121
19,3,M,1.00057704518828,L,1.10941695823535
19,3,M,1.00057704518828,M,1.04139201258093
20,0,H,0.5525,H,0.5525
20,0,H,0.5525,L,0.5525
20,0,H,0.5525,M,0.5525
20,1,H,1.28926248831863,H,1.33391476033794
20,1,H,1.28926248831863,L,1.77150702612719
20,1,H,1.28926248831863,M,1.44882869568176
20,2,H,0.5525,H,0.5525
20,2,H,0.5525,L,0.5525
20,2,H,0.5525,M,0.5525
20,3,H,0.920881244159315,H,0.943207380168971
20,3,H,0.920881244159315,L,1.16200351306359
20,3,H,0.920881244159315,M,1.00066434784088
20,0,L,0.5525,H,0.5525
20,0,L,0.5525,L,0.5525
20,0,L,0.5525,M,0.5525
20,1,L,1.92806876013016,H,1.33391476033794
20,1,L,1.92806876013016,L,1.77150702612719
20,1,L,1.92806876013016,M,1.44882869568176
20,2,L,0.5525,H,0.5525
20,2,L,0.5525,L,0.5525
20,2,L,0.5525,M,0.5525
20,3,L,1.24028438006508,H,0.943207380168971
20,3,L,1.24028438006508,L,1.16200351306359
20,3,L,1.24028438006508,M,1.00066434784088
20,0,M,0.5525,H,0.5525
20,0,M,0.5525,L,0.5525
20,0,M,0.5525,M,0.5525
20,1,M,1.42321930437656,H,1.33391476033794
20,1,M,1.42321930437656,L,1.77150702612719
20,1,M,1.42321930437656,M,1.44882869568176
20,2,M,0.5525,H,0.5525
20,2,M,0.5525,L,0.5525
20,2,M,0.5525,M,0.5525
20,3,M,0.987859652188282,H,0.943207380168971
20,3,M,0.987859652188282,L,1.16200351306359
20,3,M,0.987859652188282,M,1.00066434784088
21,0,H,0.564114953580136,H,0.530268056365327
21,0,H,0.564114953580136,L,0.619996
21,0,H,0.564114953580136,M,0.619996
21,1,H,1.28304958461072,H,1.42197430666262
21,1,H,1.28304958461072,L,1.8897949855491598
21,1,H,1.28304958461072,M,1.49071530437656
21,2,H,0.564114953580136,H,0.530268056365327
21,2,H,0.564114953580136,L,0.619996
21,2,H,0.564114953580136,M,0.619996
21,3,H,0.927799792107917,H,1.02098515333131
21,3,H,0.927799792107917,L,1.22949951306359
21,3,H,0.927799792107917,M,1.04769520799368
21,0,L,0.619996,H,0.530268056365327
21,0,L,0.619996,L,0.619996
21,0,L,0.619996,M,0.619996
21,1,L,2.08514867563364,H,1.42197430666262
21,1,L,2.08514867563364,L,1.8897949855491598
21,1,L,2.08514867563364,M,1.49071530437656
21,2,L,0.619996,H,0.530268056365327
21,2,L,0.619996,L,0.619996
21,2,L,0.619996,M,0.619996
21,3,L,1.31923371240553,H,1.02098515333131
21,3,L,1.31923371240553,L,1.22949951306359
21,3,L,1.31923371240553,M,1.04769520799368
21,0,M,0.572304,H,0.530268056365327
21,0,M,0.572304,L,0.619996
21,0,M,0.572304,M,0.619996
21,1,M,1.46652865703277,H,1.42197430666262
21,1,M,1.46652865703277,L,1.8897949855491598
21,1,M,1.46652865703277,M,1.49071530437656
21,2,M,0.572304,H,0.530268056365327
21,2,M,0.572304,L,0.619996
21,2,M,0.572304,M,0.619996
21,3,M,1.03976425968567,H,1.02098515333131
21,3,M,1.03976425968567,L,1.22949951306359
21,3,M,1.03976425968567,M,1.04769520799368
22,0,H,0.305990584810382,H,0.325860103304563
22,0,H,0.305990584810382,L,0.448057642043774
22,0,H,0.305990584810382,M,0.33014773624278
22,1,H,1.04928755196111,H,1.14113500345903
22,1,H,1.04928755196111,L,1.65464575501559
22,1,H,1.04928755196111,M,1.19502193417793
22,2,H,0.305990584810382,H,0.325860103304563
22,2,H,0.305990584810382,L,0.448057642043774
22,2,H,0.305990584810382,M,0.33014773624278
22,3,H,0.677639068385745,H,0.736954955008369
22,3,H,0.677639068385745,L,1.06854358693187
22,3,H,0.677639068385745,M,0.771755605661542
22,0,L,0.436127113113614,H,0.325860103304563
22,0,L,0.436127113113614,L,0.448057642043774
22,0,L,0.436127113113614,M,0.33014773624278
22,1,L,1.72083158521622,H,1.14113500345903
22,1,L,1.72083158521622,L,1.65464575501559
22,1,L,1.72083158521622,M,1.19502193417793
22,2,L,0.436127113113614,H,0.325860103304563
22,2,L,0.436127113113614,L,0.448057642043774
22,2,L,0.436127113113614,M,0.33014773624278
22,3,L,1.06858468476214,H,0.736954955008369
22,3,L,1.06858468476214,L,1.06854358693187
22,3,L,1.06858468476214,M,0.771755605661542
22,0,M,0.358446113635019,H,0.325860103304563
22,0,M,0.358446113635019,L,0.448057642043774
22,0,M,0.358446113635019,M,0.33014773624278
22,1,M,1.31232512112665,H,1.14113500345903
22,1,M,1.31232512112665,L,1.65464575501559
22,1,M,1.31232512112665,M,1.19502193417793
22,2,M,0.358446113635019,H,0.325860103304563
22,2,M,0.358446113635019,L,0.448057642043774
22,2,M,0.358446113635019,M,0.33014773624278
22,3,M,0.829349307576583,H,0.736954955008369
22,3,M,0.829349307576583,L,1.06854358693187
22,3,M,0.829349307576583,M,0.771755605661542
23,0,H,0.565060548569374,H,0.565060548569374
23,0,H,0.565060548569374,L,0.590909098
23,0,H,0.565060548569374,M,0.590909098
23,1,H,1.32693993989887,H,1.36096404092192
23,1,H,1.32693993989887,L,1.86495490289882
23,1,H,1.32693993989887,M,1.6417772239717099
23,2,H,0.565060548569374,H,0.565060548569374
23,2,H,0.565060548569374,L,0.590909098
23,2,H,0.565060548569374,M,0.590909098
23,3,H,0.9460002442341211,H,0.9702566607529441
23,3,H,0.9460002442341211,L,1.22793200044941
23,3,H,0.9460002442341211,M,1.09882869221966
23,0,L,0.590909098,H,0.565060548569374
23,0,L,0.590909098,L,0.590909098
23,0,L,0.590909098,M,0.590909098
23,1,L,2.08536482714631,H,1.36096404092192
23,1,L,2.08536482714631,L,1.86495490289882
23,1,L,2.08536482714631,M,1.6417772239717099
23,2,L,0.590909098,H,0.565060548569374
23,2,L,0.590909098,L,0.590909098
23,2,L,0.590909098,M,0.590909098
23,3,L,1.33813696257316,H,0.9702566607529441
23,3,L,1.33813696257316,L,1.22793200044941
23,3,L,1.33813696257316,M,1.09882869221966
23,0,M,0.590909098,H,0.565060548569374
23,0,M,0.590909098,L,0.590909098
23,0,M,0.590909098,M,0.590909098
23,1,M,1.51439926930848,H,1.36096404092192
23,1,M,1.51439926930848,L,1.86495490289882
23,1,M,1.51439926930848,M,1.6417772239717099
23,2,M,0.590909098,H,0.565060548569374
23,2,M,0.590909098,L,0.590909098
23,2,M,0.590909098,M,0.590909098
23,3,M,1.05265418365424,H,0.9702566607529441
23,3,M,1.05265418365424,L,1.22793200044941
23,3,M,1.05265418365424,M,1.09882869221966
24,0,H,0.390009688418669,H,0.485345390032122
24,0,H,0.390009688418669,L,0.541666671
24,0,H,0.390009688418669,M,0.541666671
24,1,H,0.934209253654022,H,1.16257151565834
24,1,H,0.934209253654022,L,1.7137888115069102
24,1,H,0.934209253654022,M,1.41238597537656
24,2,H,0.390009688418669,H,0.485345390032122
24,2,H,0.390009688418669,L,0.541666671
24,2,H,0.390009688418669,M,0.541666671
24,3,H,0.662109471036345,H,0.82395845284523
24,3,H,0.662109471036345,L,1.12772774125346
24,3,H,0.662109471036345,M,0.977026323188282
24,0,L,0.541666671,H,0.485345390032122
24,0,L,0.541666671,L,0.541666671
24,0,L,0.541666671,M,0.541666671
24,1,L,1.76067369712719,H,1.16257151565834
24,1,L,1.76067369712719,L,1.7137888115069102
24,1,L,1.76067369712719,M,1.41238597537656
24,2,L,0.541666671,H,0.485345390032122
24,2,L,0.541666671,L,0.541666671
24,2,L,0.541666671,M,0.541666671
24,3,L,1.15117018406359,H,0.82395845284523
24,3,L,1.15117018406359,L,1.12772774125346
24,3,L,1.15117018406359,M,0.977026323188282
24,0,M,0.541666671,H,0.485345390032122
24,0,M,0.541666671,L,0.541666671
24,0,M,0.541666671,M,0.541666671
24,1,M,1.3857265157585605,H,1.16257151565834
24,1,M,1.3857265157585605,L,1.7137888115069102
24,1,M,1.3857265157585605,M,1.41238597537656
24,2,M,0.541666671,H,0.485345390032122
24,2,M,0.541666671,L,0.541666671
24,2,M,0.541666671,M,0.541666671
24,3,M,0.9636965933792803,H,0.82395845284523
24,3,M,0.9636965933792803,L,1.12772774125346
24,3,M,0.9636965933792803,M,0.977026323188282
25,0,H,0.49999999399999995,H,0.499999994
25,0,H,0.49999999399999995,L,0.499999994
25,0,H,0.49999999399999995,M,0.49999999400000006
25,1,H,1.00791958821966,H,1.1415826393301
25,1,H,1.00791958821966,L,1.5883991244707
25,1,H,1.00791958821966,M,1.30197830066262
25,2,H,0.49999999399999995,H,0.499999994
25,2,H,0.49999999399999995,L,0.499999994
25,2,H,0.49999999399999995,M,0.49999999400000006
25,3,H,0.753959791109831,H,0.82079131666505
25,3,H,0.753959791109831,L,1.03722264173234
25,3,H,0.753959791109831,M,0.900989147331312
25,0,L,0.49999999399999995,H,0.499999994
25,0,L,0.49999999399999995,L,0.499999994
25,0,L,0.49999999399999995,M,0.49999999400000006
25,1,L,1.6479887627084495,H,1.1415826393301
25,1,L,1.6479887627084495,L,1.5883991244707
25,1,L,1.6479887627084495,M,1.30197830066262
25,2,L,0.49999999399999995,H,0.499999994
25,2,L,0.49999999399999995,L,0.499999994
25,2,L,0.49999999399999995,M,0.49999999400000006
25,3,L,1.0679475132499083,H,0.82079131666505
25,3,L,1.0679475132499083,L,1.03722264173234
25,3,L,1.0679475132499083,M,0.900989147331312
25,0,M,0.499999994,H,0.499999994
25,0,M,0.499999994,L,0.499999994
25,0,M,0.499999994,M,0.49999999400000006
25,1,M,1.30197830066262,H,1.1415826393301
25,1,M,1.30197830066262,L,1.5883991244707
25,1,M,1.30197830066262,M,1.30197830066262
25,2,M,0.499999994,H,0.499999994
25,2,M,0.499999994,L,0.499999994
25,2,M,0.499999994,M,0.49999999400000006
25,3,M,0.900989147331312,H,0.82079131666505
25,3,M,0.900989147331312,L,1.03722264173234
25,3,M,0.900989147331312,M,0.900989147331312
26,0,H,0.39120615554791,H,0.422682512890845
26,0,H,0.39120615554791,L,0.533
26,0,H,0.39120615554791,M,0.483860245019784
26,1,H,1.03961414816876,H,1.12326126353866
26,1,H,1.03961414816876,L,1.58386812597171
26,1,H,1.03961414816876,M,1.28583855168241
26,2,H,0.39120615554791,H,0.422682512890845
26,2,H,0.39120615554791,L,0.533
26,2,H,0.39120615554791,M,0.483860245019784
26,3,H,0.715410151858333,H,0.77297188821475
26,3,H,0.715410151858333,L,1.05843406298586
26,3,H,0.715410151858333,M,0.884849398351096
26,0,L,0.533,H,0.422682512890845
26,0,L,0.533,L,0.533
26,0,L,0.533,M,0.483860245019784
26,1,L,1.6213991304707,H,1.12326126353866
26,1,L,1.6213991304707,L,1.58386812597171
26,1,L,1.6213991304707,M,1.28583855168241
26,2,L,0.533,H,0.422682512890845
26,2,L,0.533,L,0.533
26,2,L,0.533,M,0.483860245019784
26,3,L,1.07719956523535,H,0.77297188821475
26,3,L,1.07719956523535,L,1.05843406298586
26,3,L,1.07719956523535,M,0.884849398351096
26,0,M,0.504673482722766,H,0.422682512890845
26,0,M,0.504673482722766,L,0.533
26,0,M,0.504673482722766,M,0.483860245019784
26,1,M,1.34114886845111,H,1.12326126353866
26,1,M,1.34114886845111,L,1.58386812597171
26,1,M,1.34114886845111,M,1.28583855168241
26,2,M,0.504673482722766,H,0.422682512890845
26,2,M,0.504673482722766,L,0.533
26,2,M,0.504673482722766,M,0.483860245019784
26,3,M,0.922911175586936,H,0.77297188821475
26,3,M,0.922911175586936,L,1.05843406298586
26,3,M,0.922911175586936,M,0.884849398351096
27,0,H,0.499999994,H,0.499999994
27,0,H,0.499999994,L,0.49999999399999995
27,0,H,0.499999994,M,0.499999994
27,1,H,1.14840801262085,H,1.2255994143138
27,1,H,1.14840801262085,L,1.7410704957132
27,1,H,1.14840801262085,M,1.3707192983765597
27,2,H,0.499999994,H,0.499999994
27,2,H,0.499999994,L,0.49999999399999995
27,2,H,0.499999994,M,0.499999994
27,3,H,0.819443612007722,H,0.862799704156902
27,3,H,0.819443612007722,L,1.1205352448566
27,3,H,0.819443612007722,M,0.935359646188282
27,0,L,0.49999999400000006,H,0.499999994
27,0,L,0.49999999400000006,L,0.49999999399999995
27,0,L,0.49999999400000006,M,0.499999994
27,1,L,1.7410704957132,H,1.2255994143138
27,1,L,1.7410704957132,L,1.7410704957132
27,1,L,1.7410704957132,M,1.3707192983765597
27,2,L,0.49999999400000006,H,0.499999994
27,2,L,0.49999999400000006,L,0.49999999399999995
27,2,L,0.49999999400000006,M,0.499999994
27,3,L,1.1205352448566,H,0.862799704156902
27,3,L,1.1205352448566,L,1.1205352448566
27,3,L,1.1205352448566,M,0.935359646188282
27,0,M,0.499999994,H,0.499999994
27,0,M,0.499999994,L,0.49999999399999995
27,0,M,0.499999994,M,0.499999994
27,1,M,1.37071929837656,H,1.2255994143138
27,1,M,1.37071929837656,L,1.7410704957132
27,1,M,1.37071929837656,M,1.3707192983765597
27,2,M,0.499999994,H,0.499999994
27,2,M,0.499999994,L,0.49999999399999995
27,2,M,0.499999994,M,0.499999994
27,3,M,0.935359646188282,H,0.862799704156902
27,3,M,0.935359646188282,L,1.1205352448566
27,3,M,0.935359646188282,M,0.935359646188282
28,0,H,0.36170031709582,H,0.341031727547488
28,0,H,0.36170031709582,L,0.49999999400000006
28,0,H,0.36170031709582,M,0.397870348805402
28,1,H,1.2851904884043,H,1.21175103192405
28,1,H,1.2851904884043,L,1.82500763109477
28,1,H,1.2851904884043,M,1.41370953724473
28,2,H,0.36170031709582,H,0.341031727547488
28,2,H,0.36170031709582,L,0.49999999400000006
28,2,H,0.36170031709582,M,0.397870348805402
28,3,H,0.823445402750058,H,0.7763913797357689
28,3,H,0.823445402750058,L,1.16250381254739
28,3,H,0.823445402750058,M,0.905789943025064
28,0,L,0.499999994,H,0.341031727547488
28,0,L,0.499999994,L,0.49999999400000006
28,0,L,0.499999994,M,0.397870348805402
28,1,L,1.88523525096272,H,1.21175103192405
28,1,L,1.88523525096272,L,1.82500763109477
28,1,L,1.88523525096272,M,1.41370953724473
28,2,L,0.499999994,H,0.341031727547488
28,2,L,0.499999994,L,0.49999999400000006
28,2,L,0.499999994,M,0.397870348805402
28,3,L,1.19261762248136,H,0.7763913797357689
28,3,L,1.19261762248136,L,1.16250381254739
28,3,L,1.19261762248136,M,0.905789943025064
28,0,M,0.385035821424583,H,0.341031727547488
28,0,M,0.385035821424583,L,0.49999999400000006
28,0,M,0.385035821424583,M,0.397870348805402
28,1,M,1.36810600378522,H,1.21175103192405
28,1,M,1.36810600378522,L,1.82500763109477
28,1,M,1.36810600378522,M,1.41370953724473
28,2,M,0.385035821424583,H,0.341031727547488
28,2,M,0.385035821424583,L,0.49999999400000006
28,2,M,0.385035821424583,M,0.397870348805402
28,3,M,0.876570912604901,H,0.7763913797357689
28,3,M,0.876570912604901,L,1.16250381254739
28,3,M,0.876570912604901,M,0.905789943025064
29,0,H,0.40633567537573,H,0.40633567537573
29,0,H,0.40633567537573,L,0.52
29,0,H,0.40633567537573,M,0.500105446616283
29,1,H,1.16821506670522,H,1.16821506670522
29,1,H,1.16821506670522,L,1.73900702612719
29,1,H,1.16821506670522,M,1.43780315902181
29,2,H,0.40633567537573,H,0.40633567537573
29,2,H,0.40633567537573,L,0.52
29,2,H,0.40633567537573,M,0.500105446616283
29,3,H,0.787275371040477,H,0.787275371040477
29,3,H,0.787275371040477,L,1.12950351306359
29,3,H,0.787275371040477,M,0.968954302819048
29,0,L,0.52,H,0.40633567537573
29,0,L,0.52,L,0.52
29,0,L,0.52,M,0.500105446616283
29,1,L,1.7638847205379498,H,1.16821506670522
29,1,L,1.7638847205379498,L,1.73900702612719
29,1,L,1.7638847205379498,M,1.43780315902181
29,2,L,0.52,H,0.40633567537573
29,2,L,0.52,L,0.52
29,2,L,0.52,M,0.500105446616283
29,3,L,1.14194236026897,H,0.787275371040477
29,3,L,1.14194236026897,L,1.12950351306359
29,3,L,1.14194236026897,M,0.968954302819048
29,0,M,0.464383629000834,H,0.40633567537573
29,0,M,0.464383629000834,L,0.52
29,0,M,0.464383629000834,M,0.500105446616283
29,1,M,1.38250303752097,H,1.16821506670522
29,1,M,1.38250303752097,L,1.73900702612719
29,1,M,1.38250303752097,M,1.43780315902181
29,2,M,0.464383629000834,H,0.40633567537573
29,2,M,0.464383629000834,L,0.52
29,2,M,0.464383629000834,M,0.500105446616283
29,3,M,0.9316868296337,H,0.787275371040477
29,3,M,0.9316868296337,L,1.12950351306359
29,3,M,0.9316868296337,M,0.968954302819048
30,0,H,0.52,H,0.52
30,0,H,0.52,L,0.52
30,0,H,0.52,M,0.52
30,1,H,1.53583918843932,H,1.39071930437656
30,1,H,1.53583918843932,L,1.72474287054
30,1,H,1.53583918843932,M,1.41632869568176
30,2,H,0.52,H,0.52
30,2,H,0.52,L,0.52
30,2,H,0.52,M,0.52
30,3,H,0.999339349367407,H,0.943266328516385
30,3,H,0.999339349367407,L,1.12237143527
30,3,H,0.999339349367407,M,0.968164347840878
30,0,L,0.52,H,0.52
30,0,L,0.52,L,0.52
30,0,L,0.52,M,0.52
30,1,L,1.73900702612719,H,1.39071930437656
30,1,L,1.73900702612719,L,1.72474287054
30,1,L,1.73900702612719,M,1.41632869568176
30,2,L,0.52,H,0.52
30,2,L,0.52,L,0.52
30,2,L,0.52,M,0.52
30,3,L,1.12950351306359,H,0.943266328516385
30,3,L,1.12950351306359,L,1.12237143527
30,3,L,1.12950351306359,M,0.968164347840878
30,0,M,0.52,H,0.52
30,0,M,0.52,L,0.52
30,0,M,0.52,M,0.52
30,1,M,1.44349017130848,H,1.39071930437656
30,1,M,1.44349017130848,L,1.72474287054
30,1,M,1.44349017130848,M,1.41632869568176
30,2,M,0.52,H,0.52
30,2,M,0.52,L,0.52
30,2,M,0.52,M,0.52
30,3,M,0.977860211135513,H,0.943266328516385
30,3,M,0.977860211135513,L,1.12237143527
30,3,M,0.977860211135513,M,0.968164347840878
31,0,H,0.49999999400000006,H,0.499999994
31,0,H,0.49999999400000006,L,0.499999994
31,0,H,0.49999999400000006,M,0.499999994
31,1,H,1.30197830066262,H,1.26187938532949
31,1,H,1.30197830066262,L,1.71900702012719
31,1,H,1.30197830066262,M,1.37071929837656
31,2,H,0.49999999400000006,H,0.499999994
31,2,H,0.49999999400000006,L,0.499999994
31,2,H,0.49999999400000006,M,0.499999994
31,3,H,0.9009891473313119,H,0.880939689664747
31,3,H,0.9009891473313119,L,1.10950350706359
31,3,H,0.9009891473313119,M,0.935359646188282
31,0,L,0.49999999399999995,H,0.499999994
31,0,L,0.49999999399999995,L,0.499999994
31,0,L,0.49999999399999995,M,0.499999994
31,1,L,1.7230839667028697,H,1.26187938532949
31,1,L,1.7230839667028697,L,1.71900702012719
31,1,L,1.7230839667028697,M,1.37071929837656
31,2,L,0.49999999399999995,H,0.499999994
31,2,L,0.49999999399999995,L,0.499999994
31,2,L,0.49999999399999995,M,0.499999994
31,3,L,1.11154198035143,H,0.880939689664747
31,3,L,1.11154198035143,L,1.10950350706359
31,3,L,1.11154198035143,M,0.935359646188282
31,0,M,0.49999999400000006,H,0.499999994
31,0,M,0.49999999400000006,L,0.499999994
31,0,M,0.49999999400000006,M,0.499999994
31,1,M,1.39632868968176,H,1.26187938532949
31,1,M,1.39632868968176,L,1.71900702012719
31,1,M,1.39632868968176,M,1.37071929837656
31,2,M,0.49999999400000006,H,0.499999994
31,2,M,0.49999999400000006,L,0.499999994
31,2,M,0.49999999400000006,M,0.499999994
31,3,M,0.94816434184087806,H,0.880939689664747
31,3,M,0.94816434184087806,L,1.10950350706359
31,3,M,0.94816434184087806,M,0.935359646188282
32,0,H,0.52,H,0.52
32,0,H,0.52,L,0.52
32,0,H,0.52,M,0.52
32,1,H,1.39071930437656,H,1.28187939132949
32,1,H,1.39071930437656,L,1.44349017130848
32,1,H,1.39071930437656,M,1.36653265703277
32,2,H,0.52,H,0.52
32,2,H,0.52,L,0.52
32,2,H,0.52,M,0.52
32,3,H,0.955359652188282,H,0.900939695664747
32,3,H,0.955359652188282,L,0.981745085654238
32,3,H,0.955359652188282,M,0.943266328516385
32,0,L,0.52,H,0.52
32,0,L,0.52,L,0.52
32,0,L,0.52,M,0.52
32,1,L,1.44349017130848,H,1.28187939132949
32,1,L,1.44349017130848,L,1.44349017130848
32,1,L,1.44349017130848,M,1.36653265703277
32,2,L,0.52,H,0.52
32,2,L,0.52,L,0.52
32,2,L,0.52,M,0.52
32,3,L,0.981745085654238,H,0.900939695664747
32,3,L,0.981745085654238,L,0.981745085654238
32,3,L,0.981745085654238,M,0.943266328516385
32,0,M,0.52,H,0.52
32,0,M,0.52,L,0.52
32,0,M,0.52,M,0.52
32,1,M,1.36653265703277,H,1.28187939132949
32,1,M,1.36653265703277,L,1.44349017130848
32,1,M,1.36653265703277,M,1.36653265703277
32,2,M,0.52,H,0.52
32,2,M,0.52,L,0.52
32,2,M,0.52,M,0.52
32,3,M,0.943266328516385,H,0.900939695664747
32,3,M,0.943266328516385,L,0.981745085654238
32,3,M,0.943266328516385,M,0.943266328516385
33,0,H,0.417080128330377,H,0.44
33,0,H,0.417080128330377,L,0.52
33,0,H,0.417080128330377,M,0.481959259403991
33,1,H,1.08673629846582,H,1.15918538503021
33,1,H,1.08673629846582,L,1.64871020937703
33,1,H,1.08673629846582,M,1.37845565220225
33,2,H,0.417080128330377,H,0.44
33,2,H,0.417080128330377,L,0.52
33,2,H,0.417080128330377,M,0.481959259403991
33,3,H,0.762928811978708,H,0.820572322217099
33,3,H,0.762928811978708,L,1.07202598212094
33,3,H,0.762928811978708,M,0.9492278261011231
33,0,L,0.52,H,0.44
33,0,L,0.52,L,0.52
33,0,L,0.52,M,0.481959259403991
33,1,L,1.70817405428683,H,1.15918538503021
33,1,L,1.70817405428683,L,1.64871020937703
33,1,L,1.70817405428683,M,1.37845565220225
33,2,L,0.52,H,0.44
33,2,L,0.52,L,0.52
33,2,L,0.52,M,0.481959259403991
33,3,L,1.10606107025346,H,0.820572322217099
33,3,L,1.10606107025346,L,1.07202598212094
33,3,L,1.10606107025346,M,0.9492278261011231
33,0,M,0.461450354748502,H,0.44
33,0,M,0.461450354748502,L,0.52
33,0,M,0.461450354748502,M,0.481959259403991
33,1,M,1.39071930437656,H,1.15918538503021
33,1,M,1.39071930437656,L,1.64871020937703
33,1,M,1.39071930437656,M,1.37845565220225
33,2,M,0.461450354748502,H,0.44
33,2,M,0.461450354748502,L,0.52
33,2,M,0.461450354748502,M,0.481959259403991
33,3,M,0.955359652188282,H,0.820572322217099
33,3,M,0.955359652188282,L,1.07202598212094
33,3,M,0.955359652188282,M,0.9492278261011231
34,0,H,0.557148724120953,H,0.6
34,0,H,0.557148724120953,L,0.6
34,0,H,0.557148724120953,M,0.6
34,1,H,1.02599758032372,H,1.20950351306359
34,1,H,1.02599758032372,L,1.61583918843932
34,1,H,1.02599758032372,M,1.47071930437656
34,2,H,0.557148724120953,H,0.6
34,2,H,0.557148724120953,L,0.6
34,2,H,0.557148724120953,M,0.6
34,3,H,0.791573152222335,H,0.904751756531798
34,3,H,0.791573152222335,L,1.10791959421966
34,3,H,0.791573152222335,M,1.03535965218828
34,0,L,0.6,H,0.6
34,0,L,0.6,L,0.6
34,0,L,0.6,M,0.6
34,1,L,1.61583918843932,H,1.20950351306359
34,1,L,1.61583918843932,L,1.61583918843932
34,1,L,1.61583918843932,M,1.47071930437656
34,2,L,0.6,H,0.6
34,2,L,0.6,L,0.6
34,2,L,0.6,M,0.6
34,3,L,1.10791959421966,H,0.904751756531798
34,3,L,1.10791959421966,L,1.10791959421966
34,3,L,1.10791959421966,M,1.03535965218828
34,0,M,0.6,H,0.6
34,0,M,0.6,L,0.6
34,0,M,0.6,M,0.6
34,1,M,1.38141476033794,H,1.20950351306359
34,1,M,1.38141476033794,L,1.61583918843932
34,1,M,1.38141476033794,M,1.47071930437656
34,2,M,0.6,H,0.6
34,2,M,0.6,L,0.6
34,2,M,0.6,M,0.6
34,3,M,0.990707380168971,H,0.904751756531798
34,3,M,0.990707380168971,L,1.10791959421966
34,3,M,0.990707380168971,M,1.03535965218828
35,0,H,0.534999998,H,0.534999998
35,0,H,0.534999998,L,0.534999998
35,0,H,0.534999998,M,0.534999998
35,1,H,1.29684129726453,H,1.40571930237656
35,1,H,1.29684129726453,L,1.80469317578434
35,1,H,1.29684129726453,M,1.55083918643932
35,2,H,0.534999998,H,0.534999998
35,2,H,0.534999998,L,0.534999998
35,2,H,0.534999998,M,0.534999998
35,3,H,0.915920647632265,H,0.970359650188282
35,3,H,0.915920647632265,L,1.16984658689217
35,3,H,0.915920647632265,M,1.04291959221966
35,0,L,0.534999998,H,0.534999998
35,0,L,0.534999998,L,0.534999998
35,0,L,0.534999998,M,0.534999998
35,1,L,1.80479898354916,H,1.40571930237656
35,1,L,1.80479898354916,L,1.80469317578434
35,1,L,1.80479898354916,M,1.55083918643932
35,2,L,0.534999998,H,0.534999998
35,2,L,0.534999998,L,0.534999998
35,2,L,0.534999998,M,0.534999998
35,3,L,1.16989949077458,H,0.970359650188282
35,3,L,1.16989949077458,L,1.16984658689217
35,3,L,1.16989949077458,M,1.04291959221966
35,0,M,0.534999998,H,0.534999998
35,0,M,0.534999998,L,0.534999998
35,0,M,0.534999998,M,0.534999998
35,1,M,1.55083918643932,H,1.40571930237656
35,1,M,1.55083918643932,L,1.80469317578434
35,1,M,1.55083918643932,M,1.55083918643932
35,2,M,0.534999998,H,0.534999998
35,2,M,0.534999998,L,0.534999998
35,2,M,0.534999998,M,0.534999998
35,3,M,1.04291959221966,H,0.970359650188282
35,3,M,1.04291959221966,L,1.16984658689217
35,3,M,1.04291959221966,M,1.04291959221966
36,0,H,0.437592265789247,H,0.49999999399999995
36,0,H,0.437592265789247,L,0.499999994
36,0,H,0.437592265789247,M,0.499999994
36,1,H,0.9585354393478751,H,1.12346921767389
36,1,H,0.9585354393478751,L,1.51583918243932
36,1,H,0.9585354393478751,M,1.37071929837656
36,2,H,0.437592265789247,H,0.49999999399999995
36,2,H,0.437592265789247,L,0.499999994
36,2,H,0.437592265789247,M,0.499999994
36,3,H,0.698063852568561,H,0.811734605836945
36,3,H,0.698063852568561,L,1.00791958821966
36,3,H,0.698063852568561,M,0.935359646188282
36,0,L,0.499999994,H,0.49999999399999995
36,0,L,0.499999994,L,0.499999994
36,0,L,0.499999994,M,0.499999994
36,1,L,1.5465376194526,H,1.12346921767389
36,1,L,1.5465376194526,L,1.51583918243932
36,1,L,1.5465376194526,M,1.37071929837656
36,2,L,0.499999994,H,0.49999999399999995
36,2,L,0.499999994,L,0.499999994
36,2,L,0.499999994,M,0.499999994
36,3,L,1.0232688067263,H,0.811734605836945
36,3,L,1.0232688067263,L,1.00791958821966
36,3,L,1.0232688067263,M,0.935359646188282
36,0,M,0.499999994,H,0.49999999399999995
36,0,M,0.499999994,L,0.499999994
36,0,M,0.499999994,M,0.499999994
36,1,M,1.33723009436208,H,1.12346921767389
36,1,M,1.33723009436208,L,1.51583918243932
36,1,M,1.33723009436208,M,1.37071929837656
36,2,M,0.499999994,H,0.49999999399999995
36,2,M,0.499999994,L,0.499999994
36,2,M,0.499999994,M,0.499999994
36,3,M,0.91861504418104,H,0.811734605836945
36,3,M,0.91861504418104,L,1.00791958821966
36,3,M,0.91861504418104,M,0.935359646188282
37,0,H,0.444429644942204,H,0.493810716602449
37,0,H,0.444429644942204,L,0.49999999400000006
37,0,H,0.444429644942204,M,0.499999994
37,1,H,1.2063090362717,H,1.3707192983765597
37,1,H,1.2063090362717,L,1.7697989795491598
37,1,H,1.2063090362717,M,1.4523492331618701
37,2,H,0.444429644942204,H,0.493810716602449
37,2,H,0.444429644942204,L,0.49999999400000006
37,2,H,0.444429644942204,M,0.499999994
37,3,H,0.8253693406069511,H,0.935359646188282
37,3,H,0.8253693406069511,L,1.13489948677458
37,3,H,0.8253693406069511,M,0.976174613580933
37,0,L,0.499999994,H,0.493810716602449
37,0,L,0.499999994,L,0.49999999400000006
37,0,L,0.499999994,M,0.499999994
37,1,L,1.88523525096272,H,1.3707192983765597
37,1,L,1.88523525096272,L,1.7697989795491598
37,1,L,1.88523525096272,M,1.4523492331618701
37,2,L,0.499999994,H,0.493810716602449
37,2,L,0.499999994,L,0.49999999400000006
37,2,L,0.499999994,M,0.499999994
37,3,L,1.19261762248136,H,0.935359646188282
37,3,L,1.19261762248136,L,1.13489948677458
37,3,L,1.19261762248136,M,0.976174613580933
37,0,M,0.499999994,H,0.493810716602449
37,0,M,0.499999994,L,0.49999999400000006
37,0,M,0.499999994,M,0.499999994
37,1,M,1.45234923316187,H,1.3707192983765597
37,1,M,1.45234923316187,L,1.7697989795491598
37,1,M,1.45234923316187,M,1.4523492331618701
37,2,M,0.499999994,H,0.493810716602449
37,2,M,0.499999994,L,0.49999999400000006
37,2,M,0.499999994,M,0.499999994
37,3,M,0.976174613580933,H,0.935359646188282
37,3,M,0.976174613580933,L,1.13489948677458
37,3,M,0.976174613580933,M,0.976174613580933
38,0,H,0.49999998749999996,H,0.4999999875
38,0,H,0.49999998749999996,L,0.4999999875000001
38,0,H,0.49999998749999996,M,0.4999999875000001
38,1,H,1.26184128676453,H,1.24329695465073
38,1,H,1.26184128676453,L,1.71900701362719
38,1,H,1.26184128676453,M,1.41425525709539
38,2,H,0.49999998749999996,H,0.4999999875
38,2,H,0.49999998749999996,L,0.4999999875000001
38,2,H,0.49999998749999996,M,0.4999999875000001
38,3,H,0.880920637132265,H,0.8716484710753629
38,3,H,0.880920637132265,L,1.10950350056359
38,3,H,0.880920637132265,M,0.957127622297696
38,0,L,0.4999999875,H,0.4999999875
38,0,L,0.4999999875,L,0.4999999875000001
38,0,L,0.4999999875,M,0.4999999875000001
38,1,L,1.81076023064752,H,1.24329695465073
38,1,L,1.81076023064752,L,1.71900701362719
38,1,L,1.81076023064752,M,1.41425525709539
38,2,L,0.4999999875,H,0.4999999875
38,2,L,0.4999999875,L,0.4999999875000001
38,2,L,0.4999999875,M,0.4999999875000001
38,3,L,1.13489948027458,H,0.8716484710753629
38,3,L,1.13489948027458,L,1.10950350056359
38,3,L,1.13489948027458,M,0.957127622297696
38,0,M,0.4999999875,H,0.4999999875
38,0,M,0.4999999875,L,0.4999999875000001
38,0,M,0.4999999875,M,0.4999999875000001
38,1,M,1.34653264453277,H,1.24329695465073
38,1,M,1.34653264453277,L,1.71900701362719
38,1,M,1.34653264453277,M,1.41425525709539
38,2,M,0.4999999875,H,0.4999999875
38,2,M,0.4999999875,L,0.4999999875000001
38,2,M,0.4999999875,M,0.4999999875000001
38,3,M,0.923266316016385,H,0.8716484710753629
38,3,M,0.923266316016385,L,1.10950350056359
38,3,M,0.923266316016385,M,0.957127622297696
39,0,H,0.5,H,0.5
39,0,H,0.5,L,0.5
39,0,H,0.5,M,0.5
39,1,H,1.26187939132949,H,1.26187939132949
39,1,H,1.26187939132949,L,1.71608841393375
39,1,H,1.26187939132949,M,1.34653265703277
39,2,H,0.5,H,0.5
39,2,H,0.5,L,0.5
39,2,H,0.5,M,0.5
39,3,H,0.880939695664747,H,0.880939695664747
39,3,H,0.880939695664747,L,1.10804420696687
39,3,H,0.880939695664747,M,0.9232663285163849
39,0,L,0.5,H,0.5
39,0,L,0.5,L,0.5
39,0,L,0.5,M,0.5
39,1,L,1.7190070261271901,H,1.26187939132949
39,1,L,1.7190070261271901,L,1.71608841393375
39,1,L,1.7190070261271901,M,1.34653265703277
39,2,L,0.5,H,0.5
39,2,L,0.5,L,0.5
39,2,L,0.5,M,0.5
39,3,L,1.10950351306359,H,0.880939695664747
39,3,L,1.10950351306359,L,1.10804420696687
39,3,L,1.10950351306359,M,0.9232663285163849
39,0,M,0.5,H,0.5
39,0,M,0.5,L,0.5
39,0,M,0.5,M,0.5
39,1,M,1.31146917419709,H,1.26187939132949
39,1,M,1.31146917419709,L,1.71608841393375
39,1,M,1.31146917419709,M,1.34653265703277
39,2,M,0.5,H,0.5
39,2,M,0.5,L,0.5
39,2,M,0.5,M,0.5
39,3,M,0.905734587098547,H,0.880939695664747
39,3,M,0.905734587098547,L,1.10804420696687
39,3,M,0.905734587098547,M,0.9232663285163849
40,0,H,0.565217393,H,0.565217393
40,0,H,0.565217393,L,0.565217393
40,0,H,0.565217393,M,0.565217393
40,1,H,1.41175005003277,H,1.36719569966262
40,1,H,1.41175005003277,L,1.78422441912719
40,1,H,1.41175005003277,M,1.48870756430848
40,2,H,0.565217393,H,0.565217393
40,2,H,0.565217393,L,0.565217393
40,2,H,0.565217393,M,0.565217393
40,3,H,0.988483721516385,H,0.966206546331312
40,3,H,0.988483721516385,L,1.17472090606359
40,3,H,0.988483721516385,M,1.02696247865424
40,0,L,0.565217393,H,0.565217393
40,0,L,0.565217393,L,0.565217393
40,0,L,0.565217393,M,0.565217393
40,1,L,1.7842244191271899,H,1.36719569966262
40,1,L,1.7842244191271899,L,1.78422441912719
40,1,L,1.7842244191271899,M,1.48870756430848
40,2,L,0.565217393,H,0.565217393
40,2,L,0.565217393,L,0.565217393
40,2,L,0.565217393,M,0.565217393
40,3,L,1.17472090606359,H,0.966206546331312
40,3,L,1.17472090606359,L,1.17472090606359
40,3,L,1.17472090606359,M,1.02696247865424
40,0,M,0.565217393,H,0.565217393
40,0,M,0.565217393,L,0.565217393
40,0,M,0.565217393,M,0.565217393
40,1,M,1.51756663216187,H,1.36719569966262
40,1,M,1.51756663216187,L,1.78422441912719
40,1,M,1.51756663216187,M,1.48870756430848
40,2,M,0.565217393,H,0.565217393
40,2,M,0.565217393,L,0.565217393
40,2,M,0.565217393,M,0.565217393
40,3,M,1.04139201258093,H,0.966206546331312
40,3,M,1.04139201258093,L,1.17472090606359
40,3,M,1.04139201258093,M,1.02696247865424
41,0,H,0.65,H,0.65
41,0,H,0.65,L,0.6500000000000001
41,0,H,0.65,M,0.65
41,1,H,1.25950351306359,H,1.34261762848136
41,1,H,1.25950351306359,L,1.72534141330909
41,1,H,1.25950351306359,M,1.66583918843932
41,2,H,0.65,H,0.65
41,2,H,0.65,L,0.6500000000000001
41,2,H,0.65,M,0.65
41,3,H,0.954751756531798,H,0.9963088142406789
41,3,H,0.954751756531798,L,1.17543406298586
41,3,H,0.954751756531798,M,1.15791959421966
41,0,L,0.65,H,0.65
41,0,L,0.65,L,0.6500000000000001
41,0,L,0.65,M,0.65
41,1,L,1.66583918843932,H,1.34261762848136
41,1,L,1.66583918843932,L,1.72534141330909
41,1,L,1.66583918843932,M,1.66583918843932
41,2,L,0.65,H,0.65
41,2,L,0.65,L,0.6500000000000001
41,2,L,0.65,M,0.65
41,3,L,1.15791959421966,H,0.9963088142406789
41,3,L,1.15791959421966,L,1.17543406298586
41,3,L,1.15791959421966,M,1.15791959421966
41,0,M,0.65,H,0.65
41,0,M,0.65,L,0.6500000000000001
41,0,M,0.65,M,0.65
41,1,M,1.60234923916187,H,1.34261762848136
41,1,M,1.60234923916187,L,1.72534141330909
41,1,M,1.60234923916187,M,1.66583918843932
41,2,M,0.65,H,0.65
41,2,M,0.65,L,0.6500000000000001
41,2,M,0.65,M,0.65
41,3,M,1.12617461958093,H,0.9963088142406789
41,3,M,1.12617461958093,L,1.17543406298586
41,3,M,1.12617461958093,M,1.15791959421966
42,0,H,0.511862550919706,H,0.511993082703535
42,0,H,0.511862550919706,L,0.513748010019461
42,0,H,0.511862550919706,M,0.512711007514595
42,1,H,1.20448017940106,H,1.24456942052036
42,1,H,1.20448017940106,L,1.78354699556862
42,1,H,1.20448017940106,M,1.46506024667646
42,2,H,0.511862550919706,H,0.511993082703535
42,2,H,0.511862550919706,L,0.513748010019461
42,2,H,0.511862550919706,M,0.512711007514595
42,3,H,0.8581713651603851,H,0.878281251611945
42,3,H,0.8581713651603851,L,1.14864750279404
42,3,H,0.8581713651603851,M,0.988885627095529
42,0,L,0.513907333499688,H,0.511993082703535
42,0,L,0.513907333499688,L,0.513748010019461
42,0,L,0.513907333499688,M,0.512711007514595
42,1,L,1.83247881299599,H,1.24456942052036
42,1,L,1.83247881299599,L,1.78354699556862
42,1,L,1.83247881299599,M,1.46506024667646
42,2,L,0.513907333499688,H,0.511993082703535
42,2,L,0.513907333499688,L,0.513748010019461
42,2,L,0.513907333499688,M,0.512711007514595
42,3,L,1.17319307324784,H,0.878281251611945
42,3,L,1.17319307324784,L,1.14864750279404
42,3,L,1.17319307324784,M,0.988885627095529
42,0,M,0.51252800707256,H,0.511993082703535
42,0,M,0.51252800707256,L,0.513748010019461
42,0,M,0.51252800707256,M,0.512711007514595
42,1,M,1.40885670275432,H,1.24456942052036
42,1,M,1.40885670275432,L,1.78354699556862
42,1,M,1.40885670275432,M,1.46506024667646
42,2,M,0.51252800707256,H,0.511993082703535
42,2,M,0.51252800707256,L,0.513748010019461
42,2,M,0.51252800707256,M,0.512711007514595
42,3,M,0.960692354913439,H,0.878281251611945
42,3,M,0.960692354913439,L,1.14864750279404
42,3,M,0.960692354913439,M,0.988885627095529
44,0,H,0.5005,H,0.5005
44,0,H,0.5005,L,0.5005
44,0,H,0.5005,M,0.5005
44,1,H,1.30247830666262,H,1.20922501519023
44,1,H,1.30247830666262,L,1.55136812597172
44,1,H,1.30247830666262,M,1.37959160538018
44,2,H,0.5005,H,0.5005
44,2,H,0.5005,L,0.5005
44,2,H,0.5005,M,0.5005
44,3,H,0.9014891533313121,H,0.854862507595113
44,3,H,0.9014891533313121,L,1.02593406298586
44,3,H,0.9014891533313121,M,0.9400458026900929
44,0,L,0.5005,H,0.5005
44,0,L,0.5005,L,0.5005
44,0,L,0.5005,M,0.5005
44,1,L,1.55136812597172,H,1.20922501519023
44,1,L,1.55136812597172,L,1.55136812597172
44,1,L,1.55136812597172,M,1.37959160538018
44,2,L,0.5005,H,0.5005
44,2,L,0.5005,L,0.5005
44,2,L,0.5005,M,0.5005
44,3,L,1.02593406298586,H,0.854862507595113
44,3,L,1.02593406298586,L,1.02593406298586
44,3,L,1.02593406298586,M,0.9400458026900929
44,0,M,0.5005,H,0.5005
44,0,M,0.5005,L,0.5005
44,0,M,0.5005,M,0.5005
44,1,M,1.25065816992442,H,1.20922501519023
44,1,M,1.25065816992442,L,1.55136812597172
44,1,M,1.25065816992442,M,1.37959160538018
44,2,M,0.5005,H,0.5005
44,2,M,0.5005,L,0.5005
44,2,M,0.5005,M,0.5005
44,3,M,0.873384225211214,H,0.854862507595113
44,3,M,0.873384225211214,L,1.02593406298586
44,3,M,0.873384225211214,M,0.9400458026900929
45,0,H,0.413954469289025,H,0.413954469289025
45,0,H,0.413954469289025,L,0.49999999400000006
45,0,H,0.413954469289025,M,0.4730908220446
45,1,H,1.17583386061852,H,1.17583386061852
45,1,H,1.17583386061852,L,1.51583918243932
45,1,H,1.17583386061852,M,1.34381012642116
45,2,H,0.413954469289025,H,0.413954469289025
45,2,H,0.413954469289025,L,0.49999999400000006
45,2,H,0.413954469289025,M,0.4730908220446
45,3,H,0.794894164953771,H,0.794894164953771
45,3,H,0.794894164953771,L,1.00791958821966
45,3,H,0.794894164953771,M,0.908450474232882
45,0,L,0.49999999400000006,H,0.413954469289025
45,0,L,0.49999999400000006,L,0.49999999400000006
45,0,L,0.49999999400000006,M,0.4730908220446
45,1,L,1.51583918243932,H,1.17583386061852
45,1,L,1.51583918243932,L,1.51583918243932
45,1,L,1.51583918243932,M,1.34381012642116
45,2,L,0.49999999400000006,H,0.413954469289025
45,2,L,0.49999999400000006,L,0.49999999400000006
45,2,L,0.49999999400000006,M,0.4730908220446
45,3,L,1.00791958821966,H,0.794894164953771
45,3,L,1.00791958821966,L,1.00791958821966
45,3,L,1.00791958821966,M,0.908450474232882
45,0,M,0.4730908220446,H,0.413954469289025
45,0,M,0.4730908220446,L,0.49999999400000006
45,0,M,0.4730908220446,M,0.4730908220446
45,1,M,1.34381012642116,H,1.17583386061852
45,1,M,1.34381012642116,L,1.51583918243932
45,1,M,1.34381012642116,M,1.34381012642116
45,2,M,0.4730908220446,H,0.413954469289025
45,2,M,0.4730908220446,L,0.49999999400000006
45,2,M,0.4730908220446,M,0.4730908220446
45,3,M,0.908450474232882,H,0.794894164953771
45,3,M,0.908450474232882,L,1.00791958821966
45,3,M,0.908450474232882,M,0.908450474232882
46,0,H,0.499999994,H,0.499999994
46,0,H,0.499999994,L,0.49999999399999995
46,0,H,0.499999994,M,0.49999999399999995
46,1,H,1.2255994143138,H,1.28141475433794
46,1,H,1.2255994143138,L,1.95119883462761
46,1,H,1.2255994143138,M,1.47981444450691
46,2,H,0.499999994,H,0.499999994
46,2,H,0.499999994,L,0.49999999399999995
46,2,H,0.499999994,M,0.49999999399999995
46,3,H,0.862799704156902,H,0.89070737416897094
46,3,H,0.862799704156902,L,1.20133504325892
46,3,H,0.862799704156902,M,0.976174613580933
46,0,L,0.499999994,H,0.499999994
46,0,L,0.499999994,L,0.49999999399999995
46,0,L,0.499999994,M,0.49999999399999995
46,1,L,1.99388115346959,H,1.28141475433794
46,1,L,1.99388115346959,L,1.95119883462761
46,1,L,1.99388115346959,M,1.47981444450691
46,2,L,0.499999994,H,0.499999994
46,2,L,0.499999994,L,0.49999999399999995
46,2,L,0.499999994,M,0.49999999399999995
46,3,L,1.2469405737348,H,0.89070737416897094
46,3,L,1.2469405737348,L,1.20133504325892
46,3,L,1.2469405737348,M,0.976174613580933
46,0,M,0.499999994,H,0.499999994
46,0,M,0.499999994,L,0.49999999399999995
46,0,M,0.499999994,M,0.49999999399999995
46,1,M,1.47676844442243,H,1.28141475433794
46,1,M,1.47676844442243,L,1.95119883462761
46,1,M,1.47676844442243,M,1.47981444450691
46,2,M,0.499999994,H,0.499999994
46,2,M,0.499999994,L,0.49999999399999995
46,2,M,0.499999994,M,0.49999999399999995
46,3,M,0.988384219211214,H,0.89070737416897094
46,3,M,0.988384219211214,L,1.20133504325892
46,3,M,0.988384219211214,M,0.976174613580933
47,0,H,0.349194721026018,H,0.358148431821557
47,0,H,0.349194721026018,L,0.481647891070369
47,0,H,0.349194721026018,M,0.387994134473353
47,1,H,1.11107411235551,H,1.16955169721633
47,1,H,1.11107411235551,L,1.63290615211077
47,1,H,1.11107411235551,M,1.26979898554916
47,2,H,0.349194721026018,H,0.358148431821557
47,2,H,0.349194721026018,L,0.481647891070369
47,2,H,0.349194721026018,M,0.387994134473353
47,3,H,0.730134416690765,H,0.768562543885015
47,3,H,0.730134416690765,L,1.06435509868851
47,3,H,0.730134416690765,M,0.834439333360874
47,0,L,0.49884960146574,H,0.358148431821557
47,0,L,0.49884960146574,L,0.481647891070369
47,0,L,0.49884960146574,M,0.387994134473353
47,1,L,1.67212213450691,H,1.16955169721633
47,1,L,1.67212213450691,L,1.63290615211077
47,1,L,1.67212213450691,M,1.26979898554916
47,2,L,0.49884960146574,H,0.358148431821557
47,2,L,0.49884960146574,L,0.481647891070369
47,2,L,0.49884960146574,M,0.387994134473353
47,3,L,1.08606106425346,H,0.768562543885015
47,3,L,1.08606106425346,L,1.06435509868851
47,3,L,1.08606106425346,M,0.834439333360874
47,0,M,0.39907968117259196,H,0.358148431821557
47,0,M,0.39907968117259196,L,0.481647891070369
47,0,M,0.39907968117259196,M,0.387994134473353
47,1,M,1.2820085911794403,H,1.16955169721633
47,1,M,1.2820085911794403,L,1.63290615211077
47,1,M,1.2820085911794403,M,1.26979898554916
47,2,M,0.39907968117259196,H,0.358148431821557
47,2,M,0.39907968117259196,L,0.481647891070369
47,2,M,0.39907968117259196,M,0.387994134473353
47,3,M,0.842462788489344,H,0.768562543885015
47,3,M,0.842462788489344,L,1.06435509868851
47,3,M,0.842462788489344,M,0.834439333360874
48,0,H,0.52,H,0.52
48,0,H,0.52,L,0.52
48,0,H,0.52,M,0.52
48,1,H,1.28187939132949,H,1.28643970758965
48,1,H,1.28187939132949,L,1.7390070261271902
48,1,H,1.28187939132949,M,1.39071930437656
48,2,H,0.52,H,0.52
48,2,H,0.52,L,0.52
48,2,H,0.52,M,0.52
48,3,H,0.900939695664747,H,0.90321985379482606
48,3,H,0.900939695664747,L,1.12950351306359
48,3,H,0.900939695664747,M,0.9553596521882819
48,0,L,0.52,H,0.52
48,0,L,0.52,L,0.52
48,0,L,0.52,M,0.52
48,1,L,1.73900702612719,H,1.28643970758965
48,1,L,1.73900702612719,L,1.7390070261271902
48,1,L,1.73900702612719,M,1.39071930437656
48,2,L,0.52,H,0.52
48,2,L,0.52,L,0.52
48,2,L,0.52,M,0.52
48,3,L,1.12950351306359,H,0.90321985379482606
48,3,L,1.12950351306359,L,1.12950351306359
48,3,L,1.12950351306359,M,0.9553596521882819
48,0,M,0.52,H,0.52
48,0,M,0.52,L,0.52
48,0,M,0.52,M,0.52
48,1,M,1.3907193043765598,H,1.28643970758965
48,1,M,1.3907193043765598,L,1.7390070261271902
48,1,M,1.3907193043765598,M,1.39071930437656
48,2,M,0.52,H,0.52
48,2,M,0.52,L,0.52
48,2,M,0.52,M,0.52
48,3,M,0.955359652188282,H,0.90321985379482606
48,3,M,0.955359652188282,L,1.12950351306359
48,3,M,0.955359652188282,M,0.9553596521882819
49,0,H,0.490269733574336,H,0.490232309495776
49,0,H,0.490269733574336,L,0.48779038836972
49,0,H,0.490269733574336,M,0.490594075588525
49,1,H,1.2952951481071,H,1.36346330417343
49,1,H,1.2952951481071,L,1.7088486282428
49,1,H,1.2952951481071,M,1.36346330417343
49,2,H,0.490269733574336,H,0.490232309495776
49,2,H,0.490269733574336,L,0.48779038836972
49,2,H,0.490269733574336,M,0.490594075588525
49,3,H,0.89430599477579,H,0.928103651985144
49,3,H,0.89430599477579,L,1.0993451151792
49,3,H,0.89430599477579,M,0.928103651985144
49,0,L,0.487561959074452,H,0.490232309495776
49,0,L,0.487561959074452,L,0.48779038836972
49,0,L,0.487561959074452,M,0.490594075588525
49,1,L,1.81396590078565,H,1.36346330417343
49,1,L,1.81396590078565,L,1.7088486282428
49,1,L,1.81396590078565,M,1.36346330417343
49,2,L,0.487561959074452,H,0.490232309495776
49,2,L,0.487561959074452,L,0.48779038836972
49,2,L,0.487561959074452,M,0.490594075588525
49,3,L,1.15146208223826,H,0.928103651985144
49,3,L,1.15146208223826,L,1.0993451151792
49,3,L,1.15146208223826,M,0.928103651985144
49,0,M,0.489841602115607,H,0.490232309495776
49,0,M,0.489841602115607,L,0.48779038836972
49,0,M,0.489841602115607,M,0.490594075588525
49,1,M,1.42988355880215,H,1.36346330417343
49,1,M,1.42988355880215,L,1.7088486282428
49,1,M,1.42988355880215,M,1.36346330417343
49,2,M,0.489841602115607,H,0.490232309495776
49,2,M,0.489841602115607,L,0.48779038836972
49,2,M,0.489841602115607,M,0.490594075588525
49,3,M,0.961034702599386,H,0.928103651985144
49,3,M,0.961034702599386,L,1.0993451151792
49,3,M,0.961034702599386,M,0.928103651985144
50,0,H,0.542839066322264,H,0.577777772
50,0,H,0.542839066322264,L,0.577777772
50,0,H,0.542839066322264,M,0.577777772
50,1,H,1.17773855909684,H,1.2550038976262201
50,1,H,1.17773855909684,L,1.69408457248277
50,1,H,1.17773855909684,M,1.42431042903277
50,2,H,0.542839066322264,H,0.577777772
50,2,H,0.542839066322264,L,0.577777772
50,2,H,0.542839066322264,M,0.577777772
50,3,H,0.860288812709553,H,0.916390834813108
50,3,H,0.860288812709553,L,1.13593117224139
50,3,H,0.860288812709553,M,1.00104410051639
50,0,L,0.577777772,H,0.577777772
50,0,L,0.577777772,L,0.577777772
50,0,L,0.577777772,M,0.577777772
50,1,L,1.72778440042188,H,1.2550038976262201
50,1,L,1.72778440042188,L,1.69408457248277
50,1,L,1.72778440042188,M,1.42431042903277
50,2,L,0.577777772,H,0.577777772
50,2,L,0.577777772,L,0.577777772
50,2,L,0.577777772,M,0.577777772
50,3,L,1.14213287668851,H,0.916390834813108
50,3,L,1.14213287668851,L,1.13593117224139
50,3,L,1.14213287668851,M,1.00104410051639
50,0,M,0.577777772,H,0.577777772
50,0,M,0.577777772,L,0.577777772
50,0,M,0.577777772,M,0.577777772
50,1,M,1.40143116803188,H,1.2550038976262201
50,1,M,1.40143116803188,L,1.69408457248277
50,1,M,1.40143116803188,M,1.42431042903277
50,2,M,0.577777772,H,0.577777772
50,2,M,0.577777772,L,0.577777772
50,2,M,0.577777772,M,0.577777772
50,3,M,0.980694757799251,H,0.916390834813108
50,3,M,0.980694757799251,L,1.13593117224139
50,3,M,0.980694757799251,M,1.00104410051639
51,0,H,0.362252087952891,H,0.426652459144516
51,0,H,0.362252087952891,L,0.52
51,0,H,0.362252087952891,M,0.52
51,1,H,0.93725540216383,H,1.11278083142211
51,1,H,0.93725540216383,L,1.73900702612719
51,1,H,0.93725540216383,M,1.47234923916187
51,2,H,0.362252087952891,H,0.426652459144516
51,2,H,0.362252087952891,L,0.52
51,2,H,0.362252087952891,M,0.52
51,3,H,0.64975374505836,H,0.771437018102444
51,3,H,0.64975374505836,L,1.12950351306359
51,3,H,0.64975374505836,M,0.996174619580933
51,0,L,0.52,H,0.426652459144516
51,0,L,0.52,L,0.52
51,0,L,0.52,M,0.52
51,1,L,1.73900702612719,H,1.11278083142211
51,1,L,1.73900702612719,L,1.73900702612719
51,1,L,1.73900702612719,M,1.47234923916187
51,2,L,0.52,H,0.426652459144516
51,2,L,0.52,L,0.52
51,2,L,0.52,M,0.52
51,3,L,1.12950351306359,H,0.771437018102444
51,3,L,1.12950351306359,L,1.12950351306359
51,3,L,1.12950351306359,M,0.996174619580933
51,0,M,0.52,H,0.426652459144516
51,0,M,0.52,L,0.52
51,0,M,0.52,M,0.52
51,1,M,1.39071930437656,H,1.11278083142211
51,1,M,1.39071930437656,L,1.73900702612719
51,1,M,1.39071930437656,M,1.47234923916187
51,2,M,0.52,H,0.426652459144516
51,2,M,0.52,L,0.52
51,2,M,0.52,M,0.52
51,3,M,0.955359652188282,H,0.771437018102444
51,3,M,0.955359652188282,L,1.12950351306359
51,3,M,0.955359652188282,M,0.996174619580933
53,0,H,0.5005,H,0.5005
53,0,H,0.5005,L,0.5005
53,0,H,0.5005,M,0.5005
53,1,H,1.00841959421966,H,1.13539949277458
53,1,H,1.00841959421966,L,1.51633918843932
53,1,H,1.00841959421966,M,1.34442794116498
53,2,H,0.5005,H,0.5005
53,2,H,0.5005,L,0.5005
53,2,H,0.5005,M,0.5005
53,3,H,0.754459797109831,H,0.817949746387289
53,3,H,0.754459797109831,L,1.00841959421966
53,3,H,0.754459797109831,M,0.922463970582489
53,0,L,0.5005,H,0.5005
53,0,L,0.5005,L,0.5005
53,0,L,0.5005,M,0.5005
53,1,L,1.55136812597172,H,1.13539949277458
53,1,L,1.55136812597172,L,1.51633918843932
53,1,L,1.55136812597172,M,1.34442794116498
53,2,L,0.5005,H,0.5005
53,2,L,0.5005,L,0.5005
53,2,L,0.5005,M,0.5005
53,3,L,1.02593406298586,H,0.817949746387289
53,3,L,1.02593406298586,L,1.00841959421966
53,3,L,1.02593406298586,M,0.922463970582489
53,0,M,0.5005,H,0.5005
53,0,M,0.5005,L,0.5005
53,0,M,0.5005,M,0.5005
53,1,M,1.34442794116498,H,1.13539949277458
53,1,M,1.34442794116498,L,1.51633918843932
53,1,M,1.34442794116498,M,1.34442794116498
53,2,M,0.5005,H,0.5005
53,2,M,0.5005,L,0.5005
53,2,M,0.5005,M,0.5005
53,3,M,0.922005372736951,H,0.817949746387289
53,3,M,0.922005372736951,L,1.00841959421966
53,3,M,0.922005372736951,M,0.922463970582489
54,0,H,0.47857312877586,H,0.47857312877586
54,0,H,0.47857312877586,L,0.549999996
54,0,H,0.47857312877586,M,0.538394769872842
54,1,H,1.23835634400222,H,1.37365339203188
54,1,H,1.23835634400222,L,1.87500763309477
54,1,H,1.23835634400222,M,1.42071930037656
54,2,H,0.47857312877586,H,0.47857312877586
54,2,H,0.47857312877586,L,0.549999996
54,2,H,0.47857312877586,M,0.538394769872842
54,3,H,0.875556633845323,H,0.940707376168971
54,3,H,0.875556633845323,L,1.21250381454739
54,3,H,0.875556633845323,M,0.985359648188282
54,0,L,0.549999996,H,0.47857312877586
54,0,L,0.549999996,L,0.549999996
54,0,L,0.549999996,M,0.538394769872842
54,1,L,2.07375877865899,H,1.37365339203188
54,1,L,2.07375877865899,L,1.87500763309477
54,1,L,2.07375877865899,M,1.42071930037656
54,2,L,0.549999996,H,0.47857312877586
54,2,L,0.549999996,L,0.549999996
54,2,L,0.549999996,M,0.538394769872842
54,3,L,1.3043360270193,H,0.940707376168971
54,3,L,1.3043360270193,L,1.21250381454739
54,3,L,1.3043360270193,M,0.985359648188282
54,0,M,0.538394769872842,H,0.47857312877586
54,0,M,0.538394769872842,L,0.549999996
54,0,M,0.538394769872842,M,0.538394769872842
54,1,M,1.42071930037656,H,1.37365339203188
54,1,M,1.42071930037656,L,1.87500763309477
54,1,M,1.42071930037656,M,1.42071930037656
54,2,M,0.538394769872842,H,0.47857312877586
54,2,M,0.538394769872842,L,0.549999996
54,2,M,0.538394769872842,M,0.538394769872842
54,3,M,0.985359648188282,H,0.940707376168971
54,3,M,0.985359648188282,L,1.21250381454739
54,3,M,0.985359648188282,M,0.985359648188282
55,0,H,0.469825624653188,H,0.469825624653188
55,0,H,0.469825624653188,L,0.52
55,0,H,0.469825624653188,M,0.52
55,1,H,1.23170501598268,H,1.23170501598268
55,1,H,1.23170501598268,L,1.96706437099619
55,1,H,1.23170501598268,M,1.53583918843932
55,2,H,0.469825624653188,H,0.469825624653188
55,2,H,0.469825624653188,L,0.52
55,2,H,0.469825624653188,M,0.52
55,3,H,0.850765320317934,H,0.850765320317934
55,3,H,0.850765320317934,L,1.24353218549809
55,3,H,0.850765320317934,M,1.02791959421966
55,0,L,0.52,H,0.469825624653188
55,0,L,0.52,L,0.52
55,0,L,0.52,M,0.52
55,1,L,2.02178149252448,H,1.23170501598268
55,1,L,2.02178149252448,L,1.96706437099619
55,1,L,2.02178149252448,M,1.53583918843932
55,2,L,0.52,H,0.469825624653188
55,2,L,0.52,L,0.52
55,2,L,0.52,M,0.52
55,3,L,1.27089074626224,H,0.850765320317934
55,3,L,1.27089074626224,L,1.24353218549809
55,3,L,1.27089074626224,M,1.02791959421966
55,0,M,0.52,H,0.469825624653188
55,0,M,0.52,L,0.52
55,0,M,0.52,M,0.52
55,1,M,1.43731297952715,H,1.23170501598268
55,1,M,1.43731297952715,L,1.96706437099619
55,1,M,1.43731297952715,M,1.53583918843932
55,2,M,0.52,H,0.469825624653188
55,2,M,0.52,L,0.52
55,2,M,0.52,M,0.52
55,3,M,0.978656489763574,H,0.850765320317934
55,3,M,0.978656489763574,L,1.24353218549809
55,3,M,0.978656489763574,M,1.02791959421966
56,0,H,0.52,H,0.52
56,0,H,0.52,L,0.52
56,0,H,0.52,M,0.52
56,1,H,1.46643402649626,H,1.2455994203138
56,1,H,1.46643402649626,L,1.84500763709477
56,1,H,1.46643402649626,M,1.4723492391618702
56,2,H,0.52,H,0.52
56,2,H,0.52,L,0.52
56,2,H,0.52,M,0.52
56,3,H,0.9932170132481322,H,0.882799710156902
56,3,H,0.9932170132481322,L,1.18250381854739
56,3,H,0.9932170132481322,M,0.996174619580933
56,0,L,0.52,H,0.52
56,0,L,0.52,L,0.52
56,0,L,0.52,M,0.52
56,1,L,1.8874758305914,H,1.2455994203138
56,1,L,1.8874758305914,L,1.84500763709477
56,1,L,1.8874758305914,M,1.4723492391618702
56,2,L,0.52,H,0.52
56,2,L,0.52,L,0.52
56,2,L,0.52,M,0.52
56,3,L,1.2037379152957,H,0.882799710156902
56,3,L,1.2037379152957,L,1.18250381854739
56,3,L,1.2037379152957,M,0.996174619580933
56,0,M,0.52,H,0.52
56,0,M,0.52,L,0.52
56,0,M,0.52,M,0.52
56,1,M,1.36653265703277,H,1.2455994203138
56,1,M,1.36653265703277,L,1.84500763709477
56,1,M,1.36653265703277,M,1.4723492391618702
56,2,M,0.52,H,0.52
56,2,M,0.52,L,0.52
56,2,M,0.52,M,0.52
56,3,M,0.943266328516385,H,0.882799710156902
56,3,M,0.943266328516385,L,1.18250381854739
56,3,M,0.943266328516385,M,0.996174619580933
